{
  "project_info": {
    "project_number": "800349684835",
    "project_id": "shoppingapp1-14222",
    "storage_bucket": "shoppingapp1-14222.appspot.com"
  },
  "client": [
    {
      "client_info": {
        "mobilesdk_app_id": "1:800349684835:android:56bfc8060003d1bda96456",
        "android_client_info": {
          "package_name": "com.example.flutter_application_1"
        }
      },
      "oauth_client": [
        {
          "client_id": "800349684835-8phj5v95qu7krf6fi1ohf5jtctqc5094.apps.googleusercontent.com",
          "client_type": 1,
          "android_info": {
            "package_name": "com.example.flutter_application_1",
            "certificate_hash": "b24947cdd98f434aef94ec3b4137e9b7a934c1ea"
          }
        },
        {
          "client_id": "800349684835-ojgfci4ncf8f3ja1127452cip3v2m693.apps.googleusercontent.com",
          "client_type": 3
        }
      ],
      "api_key": [
        {
          "current_key": "AIzaSyAWtPOx2Faj3uQRC8y9kVeDTgOFWc-DFO0"
        }
      ],
      "services": {
        "appinvite_service": {
          "other_platform_oauth_client": [
            {
              "client_id": "800349684835-ojgfci4ncf8f3ja1127452cip3v2m693.apps.googleusercontent.com",
              "client_type": 3
            }
          ]
        }
      }
    }
  ],
  "configuration_version": "1"
}